{"cameraMode":{"drawMode":0,"name":"Shaded","section":"Shading Mode"},"sceneLighting":false,"audioPlay":false,"sceneViewState":{"m_AlwaysRefresh":false,"showFog":false,"showSkybox":false,"showFlares":false,"showImageEffects":false,"showParticleSystems":false,"showVisualEffectGraphs":true,"m_FxEnabled":true},"in2DMode":false,"pivot":{"x":-2.384185791015625e-7,"y":0.7628188729286194,"z":0.000005364418029785156},"rotation":{"x":0.12622427940368653,"y":-0.13791905343532563,"z":0.01772741973400116,"w":0.9822126626968384},"size":10.633734703063965,"orthographic":false}